getID,getDtDef,getIsFirstClassConcept,getIsSpecialCase,getMsItemKindString,getInheritedDtDef,getInheritedMsItemKindString,Xml,getMsItemSimpleTypeKind,
15,above-below,true,false,xs:simpleType,,unknown,<xs:simpleType name="above-below">	<xs:annotation>		<xs:documentation>The above-below type is used to indicate whether one element appears above or below another element.</xs:documentation>	</xs:annotation>	<xs:restriction base="xs:token">		<xs:enumeration value="above"/>		<xs:enumeration value="below"/>	</xs:restriction></xs:simpleType>,enumeration,
25,beam-level,true,false,xs:simpleType,,unknown,<xs:simpleType name="beam-level">	<xs:annotation>		<xs:documentation>The MusicXML format supports six levels of beaming up to 1024th notes. Unlike the number-level type the beam-level type identifies concurrent beams in a beam group. It does not distinguish overlapping beams such as grace notes within regular notes or beams used in different voices.</xs:documentation>	</xs:annotation>	<xs:restriction base="xs:positiveInteger">		<xs:minInclusive value="1"/>		<xs:maxInclusive value="8"/>	</xs:restriction></xs:simpleType>,integer,
35,color,true,true,xs:simpleType,,unknown,<xs:simpleType name="color">	<xs:annotation>		<xs:documentation>The color type indicates the color of an element. Color may be represented as hexadecimal RGB triples as in HTML or as hexadecimal ARGB tuples with the A indicating alpha of transparency. An alpha value of 00 is totally transparent; FF is totally opaque. If RGB is used the A value is assumed to be FF. For instance the RGB value "#800080" represents purple. An ARGB value of "#40800080" would be a transparent purple.As in SVG 1.1 colors are defined in terms of the sRGB color space (IEC 61966).</xs:documentation>	</xs:annotation>	<xs:restriction base="xs:token">		<xs:pattern value="#[\dA-F]{6}([\dA-F][\dA-F])?"/>	</xs:restriction></xs:simpleType>,color,
43,comma-separated-text,true,true,xs:simpleType,,unknown,<xs:simpleType name="comma-separated-text">	<xs:annotation>		<xs:documentation>The comma-separated-text type is used to specify a comma-separated list of text elements as is used by the font-family attribute.</xs:documentation>	</xs:annotation>	<xs:restriction base="xs:token">		<xs:pattern value="[^]+( ?[^]+)*"/>	</xs:restriction></xs:simpleType>,commaSeparatedText,
51,css-font-size,true,false,xs:simpleType,,unknown,<xs:simpleType name="css-font-size">	<xs:annotation>		<xs:documentation>The css-font-size type includes the CSS font sizes used as an alternative to a numeric point size.</xs:documentation>	</xs:annotation>	<xs:restriction base="xs:token">		<xs:enumeration value="xx-small"/>		<xs:enumeration value="x-small"/>		<xs:enumeration value="small"/>		<xs:enumeration value="medium"/>		<xs:enumeration value="large"/>		<xs:enumeration value="x-large"/>		<xs:enumeration value="xx-large"/>	</xs:restriction></xs:simpleType>,enumeration,
71,divisions,true,false,xs:simpleType,,unknown,<xs:simpleType name="divisions">	<xs:annotation>		<xs:documentation>The divisions type is used to express values in terms of the musical divisions defined by the divisions element. It is preferred that these be integer values both for MIDI interoperability and to avoid roundoff errors.</xs:documentation>	</xs:annotation>	<xs:restriction base="xs:decimal"/></xs:simpleType>,decimal,
77,enclosure-shape,true,false,xs:simpleType,,unknown,<xs:simpleType name="enclosure-shape">	<xs:annotation>		<xs:documentation>The enclosure-shape type describes the shape and presence / absence of an enclosure around text or symbols. A bracket enclosure is similar to a rectangle with the bottom line missing as is common in jazz notation.</xs:documentation>	</xs:annotation>	<xs:restriction base="xs:token">		<xs:enumeration value="rectangle"/>		<xs:enumeration value="square"/>		<xs:enumeration value="oval"/>		<xs:enumeration value="circle"/>		<xs:enumeration value="bracket"/>		<xs:enumeration value="triangle"/>		<xs:enumeration value="diamond"/>		<xs:enumeration value="none"/>	</xs:restriction></xs:simpleType>,enumeration,
99,fermata-shape,true,false,xs:simpleType,,unknown,<xs:simpleType name="fermata-shape">	<xs:annotation>		<xs:documentation>The fermata-shape type represents the shape of the fermata sign. The empty value is equivalent to the normal value.</xs:documentation>	</xs:annotation>	<xs:restriction base="xs:string">		<xs:enumeration value="normal"/>		<xs:enumeration value="angled"/>		<xs:enumeration value="square"/>		<xs:enumeration value=""/>	</xs:restriction></xs:simpleType>,enumeration,
113,font-size,true,true,xs:simpleType,,unknown,<xs:simpleType name="font-size">	<xs:annotation>		<xs:documentation>The font-size can be one of the CSS font sizes or a numeric point size.</xs:documentation>	</xs:annotation>	<xs:union memberTypes="xs:decimal css-font-size"/></xs:simpleType>,enumOrDecimal,
119,font-style,true,false,xs:simpleType,,unknown,<xs:simpleType name="font-style">	<xs:annotation>		<xs:documentation>The font-style type represents a simplified version of the CSS font-style property.</xs:documentation>	</xs:annotation>	<xs:restriction base="xs:token">		<xs:enumeration value="normal"/>		<xs:enumeration value="italic"/>	</xs:restriction></xs:simpleType>,enumeration,
129,font-weight,true,false,xs:simpleType,,unknown,<xs:simpleType name="font-weight">	<xs:annotation>		<xs:documentation>The font-weight type represents a simplified version of the CSS font-weight property.</xs:documentation>	</xs:annotation>	<xs:restriction base="xs:token">		<xs:enumeration value="normal"/>		<xs:enumeration value="bold"/>	</xs:restriction></xs:simpleType>,enumeration,
139,left-center-right,true,false,xs:simpleType,,unknown,<xs:simpleType name="left-center-right">	<xs:annotation>		<xs:documentation>The left-center-right type is used to define horizontal alignment and text justification.</xs:documentation>	</xs:annotation>	<xs:restriction base="xs:token">		<xs:enumeration value="left"/>		<xs:enumeration value="center"/>		<xs:enumeration value="right"/>	</xs:restriction></xs:simpleType>,enumeration,
151,left-right,true,false,xs:simpleType,,unknown,<xs:simpleType name="left-right">	<xs:annotation>		<xs:documentation>The left-right type is used to indicate whether one element appears to the left or the right of another element.</xs:documentation>	</xs:annotation>	<xs:restriction base="xs:token">		<xs:enumeration value="left"/>		<xs:enumeration value="right"/>	</xs:restriction></xs:simpleType>,enumeration,
161,line-shape,true,false,xs:simpleType,,unknown,<xs:simpleType name="line-shape">	<xs:annotation>		<xs:documentation>The line-shape type distinguishes between straight and curved lines.</xs:documentation>	</xs:annotation>	<xs:restriction base="xs:token">		<xs:enumeration value="straight"/>		<xs:enumeration value="curved"/>	</xs:restriction></xs:simpleType>,enumeration,
171,line-type,true,false,xs:simpleType,,unknown,<xs:simpleType name="line-type">	<xs:annotation>		<xs:documentation>The line-type type distinguishes between solid dashed dotted and wavy lines.</xs:documentation>	</xs:annotation>	<xs:restriction base="xs:token">		<xs:enumeration value="solid"/>		<xs:enumeration value="dashed"/>		<xs:enumeration value="dotted"/>		<xs:enumeration value="wavy"/>	</xs:restriction></xs:simpleType>,enumeration,
185,midi-16,true,false,xs:simpleType,,unknown,<xs:simpleType name="midi-16">	<xs:annotation>		<xs:documentation>The midi-16 type is used to express MIDI 1.0 values that range from 1 to 16.</xs:documentation>	</xs:annotation>	<xs:restriction base="xs:positiveInteger">		<xs:minInclusive value="1"/>		<xs:maxInclusive value="16"/>	</xs:restriction></xs:simpleType>,integer,
195,midi-128,true,false,xs:simpleType,,unknown,<xs:simpleType name="midi-128">	<xs:annotation>		<xs:documentation>The midi-16 type is used to express MIDI 1.0 values that range from 1 to 128.</xs:documentation>	</xs:annotation>	<xs:restriction base="xs:positiveInteger">		<xs:minInclusive value="1"/>		<xs:maxInclusive value="128"/>	</xs:restriction></xs:simpleType>,integer,
205,midi-16384,true,false,xs:simpleType,,unknown,<xs:simpleType name="midi-16384">	<xs:annotation>		<xs:documentation>The midi-16 type is used to express MIDI 1.0 values that range from 1 to 16384.</xs:documentation>	</xs:annotation>	<xs:restriction base="xs:positiveInteger">		<xs:minInclusive value="1"/>		<xs:maxInclusive value="16384"/>	</xs:restriction></xs:simpleType>,integer,
215,mute,true,false,xs:simpleType,,unknown,<xs:simpleType name="mute">	<xs:annotation>		<xs:documentation>The mute type represents muting for different instruments including brass winds and strings. The on and off values are used for undifferentiated mutes. The remaining values represent specific mutes.</xs:documentation>	</xs:annotation>	<xs:restriction base="xs:string">		<xs:enumeration value="on"/>		<xs:enumeration value="off"/>		<xs:enumeration value="straight"/>		<xs:enumeration value="cup"/>		<xs:enumeration value="harmon-no-stem"/>		<xs:enumeration value="harmon-stem"/>		<xs:enumeration value="bucket"/>		<xs:enumeration value="plunger"/>		<xs:enumeration value="hat"/>		<xs:enumeration value="solotone"/>		<xs:enumeration value="practice"/>		<xs:enumeration value="stop-mute"/>		<xs:enumeration value="stop-hand"/>		<xs:enumeration value="echo"/>		<xs:enumeration value="palm"/>	</xs:restriction></xs:simpleType>,enumeration,
251,non-negative-decimal,true,false,xs:simpleType,,unknown,<xs:simpleType name="non-negative-decimal">	<xs:annotation>		<xs:documentation>The non-negative-decimal type specifies a non-negative decimal value.</xs:documentation>	</xs:annotation>	<xs:restriction base="xs:decimal">		<xs:minInclusive value="0"/>	</xs:restriction></xs:simpleType>,decimal,
259,number-level,true,false,xs:simpleType,,unknown,<xs:simpleType name="number-level">	<xs:annotation>		<xs:documentation>Slurs tuplets and many other features can be concurrent and overlapping within a single musical part. The number-level type distinguishes up to six concurrent objects of the same type. A reading program should be prepared to handle cases where the number-levels stop in an arbitrary order. Different numbers are needed when the features overlap in MusicXML document order. When a number-level value is implied the value is 1 by default.</xs:documentation>	</xs:annotation>	<xs:restriction base="xs:positiveInteger">		<xs:minInclusive value="1"/>		<xs:maxInclusive value="6"/>	</xs:restriction></xs:simpleType>,integer,
269,number-of-lines,true,false,xs:simpleType,,unknown,<xs:simpleType name="number-of-lines">	<xs:annotation>		<xs:documentation>The number-of-lines type is used to specify the number of lines in text decoration attributes.</xs:documentation>	</xs:annotation>	<xs:restriction base="xs:nonNegativeInteger">		<xs:minInclusive value="0"/>		<xs:maxInclusive value="3"/>	</xs:restriction></xs:simpleType>,integer,
279,number-or-normal,true,true,xs:simpleType,,unknown,<xs:simpleType name="number-or-normal">	<xs:annotation>		<xs:documentation>The number-or-normal values can be either a decimal number or the string "normal". This is used by the line-height and letter-spacing attributes.</xs:documentation>	</xs:annotation>	<xs:union memberTypes="xs:decimal">		<xs:simpleType>			<xs:restriction base="xs:token">				<xs:enumeration value="normal"/>			</xs:restriction>		</xs:simpleType>	</xs:union></xs:simpleType>,numberOrNormal,
290,over-under,true,false,xs:simpleType,,unknown,<xs:simpleType name="over-under">	<xs:annotation>		<xs:documentation>The over-under type is used to indicate whether the tips of curved lines such as slurs and ties are overhand (tips down) or underhand (tips up).</xs:documentation>	</xs:annotation>	<xs:restriction base="xs:token">		<xs:enumeration value="over"/>		<xs:enumeration value="under"/>	</xs:restriction></xs:simpleType>,enumeration,
300,percent,true,false,xs:simpleType,,unknown,<xs:simpleType name="percent">	<xs:annotation>		<xs:documentation>The percent type specifies a percentage from 0 to 100.</xs:documentation>	</xs:annotation>	<xs:restriction base="xs:decimal">		<xs:minInclusive value="0"/>		<xs:maxInclusive value="100"/>	</xs:restriction></xs:simpleType>,decimal,
310,positive-decimal,true,true,xs:simpleType,,unknown,<xs:simpleType name="positive-decimal">	<xs:annotation>		<xs:documentation>The positive-decimal type specifies a positive decimal value.</xs:documentation>	</xs:annotation>	<xs:restriction base="xs:decimal">		<xs:minExclusive value="0"/>	</xs:restriction></xs:simpleType>,decimal,
318,positive-divisions,true,true,xs:simpleType,,unknown,<xs:simpleType name="positive-divisions">	<xs:annotation>		<xs:documentation>The positive-divisions type restricts divisions values to positive numbers.</xs:documentation>	</xs:annotation>	<xs:restriction base="divisions">		<xs:minExclusive value="0"/>	</xs:restriction></xs:simpleType>,integer,
326,positive-integer-or-empty,true,true,xs:simpleType,,unknown,<xs:simpleType name="positive-integer-or-empty">	<xs:annotation>		<xs:documentation>The positive-integer-or-empty values can be either a positive integer or an empty string.</xs:documentation>	</xs:annotation>	<xs:union memberTypes="xs:positiveInteger">		<xs:simpleType>			<xs:restriction base="xs:string">				<xs:enumeration value=""/>			</xs:restriction>		</xs:simpleType>	</xs:union></xs:simpleType>,positiveIntegerOrEmpty,
337,rotation-degrees,true,false,xs:simpleType,,unknown,<xs:simpleType name="rotation-degrees">	<xs:annotation>		<xs:documentation>The rotation-degrees type specifies rotation pan and elevation values in degrees. Values range from -180 to 180.</xs:documentation>	</xs:annotation>	<xs:restriction base="xs:decimal">		<xs:minInclusive value="-180"/>		<xs:maxInclusive value="180"/>	</xs:restriction></xs:simpleType>,decimal,
347,semi-pitched,true,false,xs:simpleType,,unknown,<xs:simpleType name="semi-pitched">	<xs:annotation>		<xs:documentation>The semi-pitched type represents categories of indefinite pitch for percussion instruments.</xs:documentation>	</xs:annotation>	<xs:restriction base="xs:string">		<xs:enumeration value="high"/>		<xs:enumeration value="medium-high"/>		<xs:enumeration value="medium"/>		<xs:enumeration value="medium-low"/>		<xs:enumeration value="low"/>		<xs:enumeration value="very-low"/>	</xs:restriction></xs:simpleType>,enumeration,
365,start-note,true,false,xs:simpleType,,unknown,<xs:simpleType name="start-note">	<xs:annotation>		<xs:documentation>The start-note type describes the starting note of trills and mordents for playback relative to the current note.</xs:documentation>	</xs:annotation>	<xs:restriction base="xs:token">		<xs:enumeration value="upper"/>		<xs:enumeration value="main"/>		<xs:enumeration value="below"/>	</xs:restriction></xs:simpleType>,enumeration,
377,start-stop,true,false,xs:simpleType,,unknown,<xs:simpleType name="start-stop">	<xs:annotation>		<xs:documentation>The start-stop type is used for an attribute of musical elements that can either start or stop such as tuplets.									The values of start and stop refer to how an element appears in musical score order not in MusicXML document order. An element with a stop attribute may precede the corresponding element with a start attribute within a MusicXML document. This is particularly common in multi-staff music. For example the stopping point for a tuplet may appear in staff 1 before the starting point for the tuplet appears in staff 2 later in the document.</xs:documentation>	</xs:annotation>	<xs:restriction base="xs:token">		<xs:enumeration value="start"/>		<xs:enumeration value="stop"/>	</xs:restriction></xs:simpleType>,enumeration,
387,start-stop-continue,true,false,xs:simpleType,,unknown,<xs:simpleType name="start-stop-continue">	<xs:annotation>		<xs:documentation>The start-stop-continue type is used for an attribute of musical elements that can either start or stop but also need to refer to an intermediate point in the symbol as for complex slurs or for formatting of symbols across system breaks.						The values of start stop and continue refer to how an element appears in musical score order not in MusicXML document order. An element with a stop attribute may precede the corresponding element with a start attribute within a MusicXML document. This is particularly common in multi-staff music. For example the stopping point for a slur may appear in staff 1 before the starting point for the slur appears in staff 2 later in the document.</xs:documentation>	</xs:annotation>	<xs:restriction base="xs:token">		<xs:enumeration value="start"/>		<xs:enumeration value="stop"/>		<xs:enumeration value="continue"/>	</xs:restriction></xs:simpleType>,enumeration,
399,start-stop-single,true,false,xs:simpleType,,unknown,<xs:simpleType name="start-stop-single">	<xs:annotation>		<xs:documentation>The start-stop-single type is used for an attribute of musical elements that can be used for either multi-note or single-note musical elements as for tremolos.</xs:documentation>	</xs:annotation>	<xs:restriction base="xs:token">		<xs:enumeration value="start"/>		<xs:enumeration value="stop"/>		<xs:enumeration value="single"/>	</xs:restriction></xs:simpleType>,enumeration,
411,string-number,true,false,xs:simpleType,,unknown,<xs:simpleType name="string-number">	<xs:annotation>		<xs:documentation>The string-number type indicates a string number. Strings are numbered from high to low with 1 being the highest pitched string.</xs:documentation>	</xs:annotation>	<xs:restriction base="xs:positiveInteger"/></xs:simpleType>,integer,
417,symbol-size,true,false,xs:simpleType,,unknown,<xs:simpleType name="symbol-size">	<xs:annotation>		<xs:documentation>The symbol-size type is used to indicate full vs. cue-sized vs. oversized symbols. The large value for oversized symbols was added in version 1.1.</xs:documentation>	</xs:annotation>	<xs:restriction base="xs:token">		<xs:enumeration value="full"/>		<xs:enumeration value="cue"/>		<xs:enumeration value="large"/>	</xs:restriction></xs:simpleType>,enumeration,
429,tenths,true,false,xs:simpleType,,unknown,<xs:simpleType name="tenths">	<xs:annotation>		<xs:documentation>The tenths type is a number representing tenths of interline staff space (positive or negative). Both integer and decimal values are allowed such as 5 for a half space and 2.5 for a quarter space. Interline space is measured from the middle of a staff line.Distances in a MusicXML file are measured in tenths of staff space. Tenths are then scaled to millimeters within the scaling element used in the defaults element at the start of a score. Individual staves can apply a scaling factor to adjust staff size. When a MusicXML element or attribute refers to tenths it means the global tenths defined by the scaling element not the local tenths as adjusted by the staff-size element.</xs:documentation>	</xs:annotation>	<xs:restriction base="xs:decimal"/></xs:simpleType>,decimal,
435,text-direction,true,false,xs:simpleType,,unknown,<xs:simpleType name="text-direction">	<xs:annotation>		<xs:documentation>The text-direction type is used to adjust and override the Unicode bidirectional text algorithm similar to the W3C Internationalization Tag Set recommendation. Values are ltr (left-to-right embed) rtl (right-to-left embed) lro (left-to-right bidi-override) and rlo (right-to-left bidi-override). The default value is ltr. This type is typically used by applications that store text in left-to-right visual order rather than logical order. Such applications can use the lro value to better communicate with other applications that more fully support bidirectional text.</xs:documentation>	</xs:annotation>	<xs:restriction base="xs:token">		<xs:enumeration value="ltr"/>		<xs:enumeration value="rtl"/>		<xs:enumeration value="lro"/>		<xs:enumeration value="rlo"/>	</xs:restriction></xs:simpleType>,enumeration,
449,time-only,true,true,xs:simpleType,,unknown,<xs:simpleType name="time-only">	<xs:annotation>		<xs:documentation>The time-only type is used to indicate that a particular playback-related element only applies particular times through a repeated section. The value is a comma-separated list of positive integers arranged in ascending order indicating which times through the repeated section that the element applies.</xs:documentation>	</xs:annotation>	<xs:restriction base="xs:token">		<xs:pattern value="[1-9][0-9]*( ?[1-9][0-9]*)*"/>	</xs:restriction></xs:simpleType>,numberOrNormal,
457,top-bottom,true,false,xs:simpleType,,unknown,<xs:simpleType name="top-bottom">	<xs:annotation>		<xs:documentation>The top-bottom type is used to indicate the top or bottom part of a vertical shape like non-arpeggiate.</xs:documentation>	</xs:annotation>	<xs:restriction base="xs:token">		<xs:enumeration value="top"/>		<xs:enumeration value="bottom"/>	</xs:restriction></xs:simpleType>,enumeration,
467,trill-beats,true,false,xs:simpleType,,unknown,<xs:simpleType name="trill-beats">	<xs:annotation>		<xs:documentation>The trill-beats type specifies the beats used in a trill-sound or bend-sound attribute group. It is a decimal value with a minimum value of 2.</xs:documentation>	</xs:annotation>	<xs:restriction base="xs:decimal">		<xs:minInclusive value="2"/>	</xs:restriction></xs:simpleType>,decimal,
475,trill-step,true,false,xs:simpleType,,unknown,<xs:simpleType name="trill-step">	<xs:annotation>		<xs:documentation>The trill-step type describes the alternating note of trills and mordents for playback relative to the current note.</xs:documentation>	</xs:annotation>	<xs:restriction base="xs:token">		<xs:enumeration value="whole"/>		<xs:enumeration value="half"/>		<xs:enumeration value="unison"/>	</xs:restriction></xs:simpleType>,enumeration,
487,two-note-turn,true,false,xs:simpleType,,unknown,<xs:simpleType name="two-note-turn">	<xs:annotation>		<xs:documentation>The two-note-turn type describes the ending notes of trills and mordents for playback relative to the current note.</xs:documentation>	</xs:annotation>	<xs:restriction base="xs:token">		<xs:enumeration value="whole"/>		<xs:enumeration value="half"/>		<xs:enumeration value="none"/>	</xs:restriction></xs:simpleType>,enumeration,
499,up-down,true,false,xs:simpleType,,unknown,<xs:simpleType name="up-down">	<xs:annotation>		<xs:documentation>The up-down type is used for the direction of arrows and other pointed symbols like vertical accents indicating which way the tip is pointing.</xs:documentation>	</xs:annotation>	<xs:restriction base="xs:token">		<xs:enumeration value="up"/>		<xs:enumeration value="down"/>	</xs:restriction></xs:simpleType>,enumeration,
509,upright-inverted,true,false,xs:simpleType,,unknown,<xs:simpleType name="upright-inverted">	<xs:annotation>		<xs:documentation>The upright-inverted type describes the appearance of a fermata element. The value is upright if not specified.</xs:documentation>	</xs:annotation>	<xs:restriction base="xs:token">		<xs:enumeration value="upright"/>		<xs:enumeration value="inverted"/>	</xs:restriction></xs:simpleType>,enumeration,
519,valign,true,false,xs:simpleType,,unknown,<xs:simpleType name="valign">	<xs:annotation>		<xs:documentation>The valign type is used to indicate vertical alignment to the top middle bottom or baseline of the text. Defaults are implementation-dependent.</xs:documentation>	</xs:annotation>	<xs:restriction base="xs:token">		<xs:enumeration value="top"/>		<xs:enumeration value="middle"/>		<xs:enumeration value="bottom"/>		<xs:enumeration value="baseline"/>	</xs:restriction></xs:simpleType>,enumeration,
533,valign-image,true,false,xs:simpleType,,unknown,<xs:simpleType name="valign-image">	<xs:annotation>		<xs:documentation>The valign-image type is used to indicate vertical alignment for images and graphics so it does not include a baseline value. Defaults are implementation-dependent.</xs:documentation>	</xs:annotation>	<xs:restriction base="xs:token">		<xs:enumeration value="top"/>		<xs:enumeration value="middle"/>		<xs:enumeration value="bottom"/>	</xs:restriction></xs:simpleType>,enumeration,
545,yes-no,true,false,xs:simpleType,,unknown,<xs:simpleType name="yes-no">	<xs:annotation>		<xs:documentation>The yes-no type is used for boolean-like attributes. We cannot use W3C XML Schema booleans due to their restrictions on expression of boolean values.</xs:documentation>	</xs:annotation>	<xs:restriction base="xs:token">		<xs:enumeration value="yes"/>		<xs:enumeration value="no"/>	</xs:restriction></xs:simpleType>,enumeration,
555,yes-no-number,true,true,xs:simpleType,,unknown,<xs:simpleType name="yes-no-number">	<xs:annotation>		<xs:documentation>The yes-no-number type is used for attributes that can be either boolean or numeric values.</xs:documentation>	</xs:annotation>	<xs:union memberTypes="yes-no xs:decimal"/></xs:simpleType>,enumOrDecimal,
561,yyyy-mm-dd,true,true,xs:simpleType,,unknown,<xs:simpleType name="yyyy-mm-dd">	<xs:annotation>		<xs:documentation>Calendar dates are represented yyyy-mm-dd format following ISO 8601. This is a W3C XML Schema date type but without the optional timezone data.</xs:documentation>	</xs:annotation>	<xs:restriction base="xs:date">		<xs:pattern value="[^:Z]*"/>	</xs:restriction></xs:simpleType>,date,
569,cancel-location,true,false,xs:simpleType,,unknown,<xs:simpleType name="cancel-location">	<xs:annotation>		<xs:documentation>The cancel-location type is used to indicate where a key signature cancellation appears relative to a new key signature: to the left to the right or before the barline and to the left. It is left by default. For mid-measure key elements a cancel-location of before-barline should be treated like a cancel-location of left.</xs:documentation>	</xs:annotation>	<xs:restriction base="xs:string">		<xs:enumeration value="left"/>		<xs:enumeration value="right"/>		<xs:enumeration value="before-barline"/>	</xs:restriction></xs:simpleType>,enumeration,
581,clef-sign,true,false,xs:simpleType,,unknown,<xs:simpleType name="clef-sign">	<xs:annotation>		<xs:documentation>The clef-sign element represents the different clef symbols. The jianpu sign indicates that the music that follows should be in jianpu numbered notation just as the TAB sign indicates that the music that follows should be in tablature notation. Unlike TAB a jianpu sign does not correspond to a visual clef notation.</xs:documentation>	</xs:annotation>	<xs:restriction base="xs:string">		<xs:enumeration value="G"/>		<xs:enumeration value="F"/>		<xs:enumeration value="C"/>		<xs:enumeration value="percussion"/>		<xs:enumeration value="TAB"/>		<xs:enumeration value="jianpu"/>		<xs:enumeration value="none"/>	</xs:restriction></xs:simpleType>,enumeration,
601,fifths,true,false,xs:simpleType,,unknown,<xs:simpleType name="fifths">	<xs:annotation>		<xs:documentation>The fifths type represents the number of flats or sharps in a traditional key signature. Negative numbers are used for flats and positive numbers for sharps reflecting the key's placement within the circle of fifths (hence the type name).</xs:documentation>	</xs:annotation>	<xs:restriction base="xs:integer"/></xs:simpleType>,integer,
607,mode,true,true,xs:simpleType,,unknown,<xs:simpleType name="mode">	<xs:annotation>		<xs:documentation>The mode type is used to specify major/minor and other mode distinctions. Valid mode values include major minor dorian phrygian lydian mixolydian aeolian ionian locrian and none.</xs:documentation>	</xs:annotation>	<xs:restriction base="xs:string"/></xs:simpleType>,enumOrString,
613,show-frets,true,false,xs:simpleType,,unknown,<xs:simpleType name="show-frets">	<xs:annotation>		<xs:documentation>The show-frets type indicates whether to show tablature frets as numbers (0 1 2) or letters (a b c). The default choice is numbers.</xs:documentation>	</xs:annotation>	<xs:restriction base="xs:token">		<xs:enumeration value="numbers"/>		<xs:enumeration value="letters"/>	</xs:restriction></xs:simpleType>,enumeration,
623,staff-line,true,false,xs:simpleType,,unknown,<xs:simpleType name="staff-line">	<xs:annotation>		<xs:documentation>The staff-line type indicates the line on a given staff. Staff lines are numbered from bottom to top with 1 being the bottom line on a staff. Staff line values can be used to specify positions outside the staff such as a C clef positioned in the middle of a grand staff.</xs:documentation>	</xs:annotation>	<xs:restriction base="xs:integer"/></xs:simpleType>,integer,
629,staff-number,true,false,xs:simpleType,,unknown,<xs:simpleType name="staff-number">	<xs:annotation>		<xs:documentation>The staff-number type indicates staff numbers within a multi-staff part. Staves are numbered from top to bottom with 1 being the top staff on a part.</xs:documentation>	</xs:annotation>	<xs:restriction base="xs:positiveInteger"/></xs:simpleType>,integer,
635,staff-type,true,false,xs:simpleType,,unknown,<xs:simpleType name="staff-type">	<xs:annotation>		<xs:documentation>The staff-type value can be ossia cue editorial regular or alternate. An alternate staff indicates one that shares the same musical data as the prior staff but displayed differently (e.g. treble and bass clef standard notation and tab).</xs:documentation>	</xs:annotation>	<xs:restriction base="xs:string">		<xs:enumeration value="ossia"/>		<xs:enumeration value="cue"/>		<xs:enumeration value="editorial"/>		<xs:enumeration value="regular"/>		<xs:enumeration value="alternate"/>	</xs:restriction></xs:simpleType>,enumeration,
651,time-relation,true,false,xs:simpleType,,unknown,<xs:simpleType name="time-relation">	<xs:annotation>		<xs:documentation>The time-relation type indicates the symbol used to represent the interchangeable aspect of dual time signatures.</xs:documentation>	</xs:annotation>	<xs:restriction base="xs:string">		<xs:enumeration value="parentheses"/>		<xs:enumeration value="bracket"/>		<xs:enumeration value="equals"/>		<xs:enumeration value="slash"/>		<xs:enumeration value="space"/>		<xs:enumeration value="hyphen"/>	</xs:restriction></xs:simpleType>,enumeration,
669,time-separator,true,false,xs:simpleType,,unknown,<xs:simpleType name="time-separator">	<xs:annotation>		<xs:documentation>The time-separator type indicates how to display the arrangement between the beats and beat-type values in a time signature. The default value is none. The horizontal diagonal and vertical values represent horizontal diagonal lower-left to upper-right and vertical lines respectively. For these values the beats and beat-type values are arranged on either side of the separator line. The none value represents no separator with the beats and beat-type arranged vertically. The adjacent value represents no separator with the beats and beat-type arranged horizontally.</xs:documentation>	</xs:annotation>	<xs:restriction base="xs:token">		<xs:enumeration value="none"/>		<xs:enumeration value="horizontal"/>		<xs:enumeration value="diagonal"/>		<xs:enumeration value="vertical"/>		<xs:enumeration value="adjacent"/>	</xs:restriction></xs:simpleType>,enumeration,
685,time-symbol,true,false,xs:simpleType,,unknown,<xs:simpleType name="time-symbol">	<xs:annotation>		<xs:documentation>The time-symbol type indicates how to display a time signature. The normal value is the usual fractional display and is the implied symbol type if none is specified. Other options are the common and cut time symbols as well as a single number with an implied denominator. The note symbol indicates that the beat-type should be represented with the corresponding downstem note rather than a number. The dotted-note symbol indicates that the beat-type should be represented with a dotted downstem note that corresponds to three times the beat-type value and a numerator that is one third the beats value.</xs:documentation>	</xs:annotation>	<xs:restriction base="xs:token">		<xs:enumeration value="common"/>		<xs:enumeration value="cut"/>		<xs:enumeration value="single-number"/>		<xs:enumeration value="note"/>		<xs:enumeration value="dotted-note"/>		<xs:enumeration value="normal"/>	</xs:restriction></xs:simpleType>,enumeration,
703,backward-forward,true,false,xs:simpleType,,unknown,<xs:simpleType name="backward-forward">	<xs:annotation>		<xs:documentation>The backward-forward type is used to specify repeat directions. The start of the repeat has a forward direction while the end of the repeat has a backward direction.</xs:documentation>	</xs:annotation>	<xs:restriction base="xs:token">		<xs:enumeration value="backward"/>		<xs:enumeration value="forward"/>	</xs:restriction></xs:simpleType>,enumeration,
713,bar-style,true,false,xs:simpleType,,unknown,<xs:simpleType name="bar-style">	<xs:annotation>		<xs:documentation>The bar-style type represents barline style information. Choices are regular dotted dashed heavy light-light light-heavy heavy-light heavy-heavy tick (a short stroke through the top line) short (a partial barline between the 2nd and 4th lines) and none.</xs:documentation>	</xs:annotation>	<xs:restriction base="xs:string">		<xs:enumeration value="regular"/>		<xs:enumeration value="dotted"/>		<xs:enumeration value="dashed"/>		<xs:enumeration value="heavy"/>		<xs:enumeration value="light-light"/>		<xs:enumeration value="light-heavy"/>		<xs:enumeration value="heavy-light"/>		<xs:enumeration value="heavy-heavy"/>		<xs:enumeration value="tick"/>		<xs:enumeration value="short"/>		<xs:enumeration value="none"/>	</xs:restriction></xs:simpleType>,enumeration,
741,ending-number,true,true,xs:simpleType,,unknown,<xs:simpleType name="ending-number">	<xs:annotation>		<xs:documentation>The ending-number type is used to specify either a comma-separated list of positive integers without leading zeros or a string of zero or more spaces. It is used for the number attribute of the ending element. The zero or more spaces version is used when software knows that an ending is present but cannot determine the type of the ending.</xs:documentation>	</xs:annotation>	<xs:restriction base="xs:token">		<xs:pattern value="([ ]*)|([1-9][0-9]*( ?[1-9][0-9]*)*)"/>	</xs:restriction></xs:simpleType>,numberOrNormal,
749,right-left-middle,true,false,xs:simpleType,,unknown,<xs:simpleType name="right-left-middle">	<xs:annotation>		<xs:documentation>The right-left-middle type is used to specify barline location.</xs:documentation>	</xs:annotation>	<xs:restriction base="xs:token">		<xs:enumeration value="right"/>		<xs:enumeration value="left"/>		<xs:enumeration value="middle"/>	</xs:restriction></xs:simpleType>,enumeration,
761,start-stop-discontinue,true,false,xs:simpleType,,unknown,<xs:simpleType name="start-stop-discontinue">	<xs:annotation>		<xs:documentation>The start-stop-discontinue type is used to specify ending types. Typically the start type is associated with the left barline of the first measure in an ending. The stop and discontinue types are associated with the right barline of the last measure in an ending. Stop is used when the ending mark concludes with a downward jog as is typical for first endings. Discontinue is used when there is no downward jog as is typical for second endings that do not conclude a piece.</xs:documentation>	</xs:annotation>	<xs:restriction base="xs:token">		<xs:enumeration value="start"/>		<xs:enumeration value="stop"/>		<xs:enumeration value="discontinue"/>	</xs:restriction></xs:simpleType>,enumeration,
773,winged,true,false,xs:simpleType,,unknown,<xs:simpleType name="winged">	<xs:annotation>		<xs:documentation>The winged attribute indicates whether the repeat has winged extensions that appear above and below the barline. The straight and curved values represent single wings while the double-straight and double-curved values represent double wings. The none value indicates no wings and is the default.</xs:documentation>	</xs:annotation>	<xs:restriction base="xs:token">		<xs:enumeration value="none"/>		<xs:enumeration value="straight"/>		<xs:enumeration value="curved"/>		<xs:enumeration value="double-straight"/>		<xs:enumeration value="double-curved"/>	</xs:restriction></xs:simpleType>,enumeration,
789,accordion-middle,true,false,xs:simpleType,,unknown,<xs:simpleType name="accordion-middle">	<xs:annotation>		<xs:documentation>The accordion-middle type may have values of 1 2 or 3 corresponding to having 1 to 3 dots in the middle section of the accordion registration symbol.</xs:documentation>	</xs:annotation>	<xs:restriction base="xs:positiveInteger">		<xs:minInclusive value="1"/>		<xs:maxInclusive value="3"/>	</xs:restriction></xs:simpleType>,integer,
799,beater-value,true,false,xs:simpleType,,unknown,<xs:simpleType name="beater-value">	<xs:annotation>		<xs:documentation>The beater-value type represents pictograms for beaters mallets and sticks that do not have different materials represented in the pictogram. The finger and hammer values are in addition to Stone's list.</xs:documentation>	</xs:annotation>	<xs:restriction base="xs:string">		<xs:enumeration value="bow"/>		<xs:enumeration value="chime hammer"/>		<xs:enumeration value="coin"/>		<xs:enumeration value="finger"/>		<xs:enumeration value="fingernail"/>		<xs:enumeration value="fist"/>		<xs:enumeration value="guiro scraper"/>		<xs:enumeration value="hammer"/>		<xs:enumeration value="hand"/>		<xs:enumeration value="jazz stick"/>		<xs:enumeration value="knitting needle"/>		<xs:enumeration value="metal hammer"/>		<xs:enumeration value="snare stick"/>		<xs:enumeration value="spoon mallet"/>		<xs:enumeration value="triangle beater"/>		<xs:enumeration value="triangle beater plain"/>		<xs:enumeration value="wire brush"/>	</xs:restriction></xs:simpleType>,enumeration,
839,degree-symbol-value,true,false,xs:simpleType,,unknown,<xs:simpleType name="degree-symbol-value">	<xs:annotation>		<xs:documentation>The degree-symbol-value type indicates indicates that a symbol should be used in specifying the degree.</xs:documentation>	</xs:annotation>	<xs:restriction base="xs:token">		<xs:enumeration value="major"/>		<xs:enumeration value="minor"/>		<xs:enumeration value="augmented"/>		<xs:enumeration value="diminished"/>		<xs:enumeration value="half-diminished"/>	</xs:restriction></xs:simpleType>,enumeration,
855,degree-type-value,true,false,xs:simpleType,,unknown,<xs:simpleType name="degree-type-value">	<xs:annotation>		<xs:documentation>The degree-type-value type indicates whether the current degree element is an addition alteration or subtraction to the kind of the current chord in the harmony element.</xs:documentation>	</xs:annotation>	<xs:restriction base="xs:string">		<xs:enumeration value="add"/>		<xs:enumeration value="alter"/>		<xs:enumeration value="subtract"/>	</xs:restriction></xs:simpleType>,enumeration,
867,effect,true,false,xs:simpleType,,unknown,<xs:simpleType name="effect">	<xs:annotation>		<xs:documentation>The effect type represents pictograms for sound effect percussion instruments. The cannon value is in addition to Stone's list.</xs:documentation>	</xs:annotation>	<xs:restriction base="xs:string">		<xs:enumeration value="anvil"/>		<xs:enumeration value="auto horn"/>		<xs:enumeration value="bird whistle"/>		<xs:enumeration value="cannon"/>		<xs:enumeration value="duck call"/>		<xs:enumeration value="gun shot"/>		<xs:enumeration value="klaxon horn"/>		<xs:enumeration value="lions roar"/>		<xs:enumeration value="police whistle"/>		<xs:enumeration value="siren"/>		<xs:enumeration value="slide whistle"/>		<xs:enumeration value="thunder sheet"/>		<xs:enumeration value="wind machine"/>		<xs:enumeration value="wind whistle"/>	</xs:restriction></xs:simpleType>,enumeration,
901,glass,true,false,xs:simpleType,,unknown,<xs:simpleType name="glass">	<xs:annotation>		<xs:documentation>The glass type represents pictograms for glass percussion instruments.</xs:documentation>	</xs:annotation>	<xs:restriction base="xs:string">		<xs:enumeration value="wind chimes"/>	</xs:restriction></xs:simpleType>,enumeration,
909,harmony-type,true,false,xs:simpleType,,unknown,<xs:simpleType name="harmony-type">	<xs:annotation>		<xs:documentation>The harmony-type type differentiates different types of harmonies when alternate harmonies are possible. Explicit harmonies have all note present in the music; implied have some notes missing but implied; alternate represents alternate analyses.</xs:documentation>	</xs:annotation>	<xs:restriction base="xs:token">		<xs:enumeration value="explicit"/>		<xs:enumeration value="implied"/>		<xs:enumeration value="alternate"/>	</xs:restriction></xs:simpleType>,enumeration,
921,kind-value,true,false,xs:simpleType,,unknown,<xs:simpleType name="kind-value">	<xs:annotation>		<xs:documentation>A kind-value indicates the type of chord. Degree elements can then add subtract or alter from these starting points. Values include:	Triads:	major (major third perfect fifth)	minor (minor third perfect fifth)	augmented (major third augmented fifth)	diminished (minor third diminished fifth)Sevenths:	dominant (major triad minor seventh)	major-seventh (major triad major seventh)	minor-seventh (minor triad minor seventh)	diminished-seventh (diminished triad diminished seventh)	augmented-seventh (augmented triad minor seventh)	half-diminished (diminished triad minor seventh)	major-minor (minor triad major seventh)Sixths:	major-sixth (major triad added sixth)	minor-sixth (minor triad added sixth)Ninths:	dominant-ninth (dominant-seventh major ninth)	major-ninth (major-seventh major ninth)	minor-ninth (minor-seventh major ninth)11ths (usually as the basis for alteration):	dominant-11th (dominant-ninth perfect 11th)	major-11th (major-ninth perfect 11th)	minor-11th (minor-ninth perfect 11th)13ths (usually as the basis for alteration):	dominant-13th (dominant-11th major 13th)	major-13th (major-11th major 13th)	minor-13th (minor-11th major 13th)Suspended:	suspended-second (major second perfect fifth)	suspended-fourth (perfect fourth perfect fifth)Functional sixths:	Neapolitan	Italian	French	GermanOther:	pedal (pedal-point bass)	power (perfect fifth)	Tristan	The "other" kind is used when the harmony is entirely composed of add elements. The "none" kind is used to explicitly encode absence of chords or functional harmony.</xs:documentation>	</xs:annotation>	<xs:restriction base="xs:string">		<xs:enumeration value="major"/>		<xs:enumeration value="minor"/>		<xs:enumeration value="augmented"/>		<xs:enumeration value="diminished"/>		<xs:enumeration value="dominant"/>		<xs:enumeration value="major-seventh"/>		<xs:enumeration value="minor-seventh"/>		<xs:enumeration value="diminished-seventh"/>		<xs:enumeration value="augmented-seventh"/>		<xs:enumeration value="half-diminished"/>		<xs:enumeration value="major-minor"/>		<xs:enumeration value="major-sixth"/>		<xs:enumeration value="minor-sixth"/>		<xs:enumeration value="dominant-ninth"/>		<xs:enumeration value="major-ninth"/>		<xs:enumeration value="minor-ninth"/>		<xs:enumeration value="dominant-11th"/>		<xs:enumeration value="major-11th"/>		<xs:enumeration value="minor-11th"/>		<xs:enumeration value="dominant-13th"/>		<xs:enumeration value="major-13th"/>		<xs:enumeration value="minor-13th"/>		<xs:enumeration value="suspended-second"/>		<xs:enumeration value="suspended-fourth"/>		<xs:enumeration value="Neapolitan"/>		<xs:enumeration value="Italian"/>		<xs:enumeration value="French"/>		<xs:enumeration value="German"/>		<xs:enumeration value="pedal"/>		<xs:enumeration value="power"/>		<xs:enumeration value="Tristan"/>		<xs:enumeration value="other"/>		<xs:enumeration value="none"/>	</xs:restriction></xs:simpleType>,enumeration,
993,line-end,true,false,xs:simpleType,,unknown,<xs:simpleType name="line-end">	<xs:annotation>		<xs:documentation>The line-end type specifies if there is a jog up or down (or both) an arrow or nothing at the start or end of a bracket.</xs:documentation>	</xs:annotation>	<xs:restriction base="xs:token">		<xs:enumeration value="up"/>		<xs:enumeration value="down"/>		<xs:enumeration value="both"/>		<xs:enumeration value="arrow"/>		<xs:enumeration value="none"/>	</xs:restriction></xs:simpleType>,enumeration,
1009,measure-numbering-value,true,false,xs:simpleType,,unknown,<xs:simpleType name="measure-numbering-value">	<xs:annotation>		<xs:documentation>The measure-numbering-value type describes how measure numbers are displayed on this part: no numbers numbers every measure or numbers every system.</xs:documentation>	</xs:annotation>	<xs:restriction base="xs:string">		<xs:enumeration value="none"/>		<xs:enumeration value="measure"/>		<xs:enumeration value="system"/>	</xs:restriction></xs:simpleType>,enumeration,
1021,membrane,true,false,xs:simpleType,,unknown,<xs:simpleType name="membrane">	<xs:annotation>		<xs:documentation>The membrane type represents pictograms for membrane percussion instruments. The goblet drum value is in addition to Stone's list.</xs:documentation>	</xs:annotation>	<xs:restriction base="xs:string">		<xs:enumeration value="bass drum"/>		<xs:enumeration value="bass drum on side"/>		<xs:enumeration value="bongos"/>		<xs:enumeration value="conga drum"/>		<xs:enumeration value="goblet drum"/>		<xs:enumeration value="military drum"/>		<xs:enumeration value="snare drum"/>		<xs:enumeration value="snare drum snares off"/>		<xs:enumeration value="tambourine"/>		<xs:enumeration value="tenor drum"/>		<xs:enumeration value="timbales"/>		<xs:enumeration value="tomtom"/>	</xs:restriction></xs:simpleType>,enumeration,
1051,metal,true,false,xs:simpleType,,unknown,<xs:simpleType name="metal">	<xs:annotation>		<xs:documentation>The metal type represents pictograms for metal percussion instruments. The hi-hat value refers to a pictogram like Stone's high-hat cymbals but without the long vertical line at the bottom.</xs:documentation>	</xs:annotation>	<xs:restriction base="xs:string">		<xs:enumeration value="almglocken"/>		<xs:enumeration value="bell"/>		<xs:enumeration value="bell plate"/>		<xs:enumeration value="brake drum"/>		<xs:enumeration value="Chinese cymbal"/>		<xs:enumeration value="cowbell"/>		<xs:enumeration value="crash cymbals"/>		<xs:enumeration value="crotale"/>		<xs:enumeration value="cymbal tongs"/>		<xs:enumeration value="domed gong"/>		<xs:enumeration value="finger cymbals"/>		<xs:enumeration value="flexatone"/>		<xs:enumeration value="gong"/>		<xs:enumeration value="hi-hat"/>		<xs:enumeration value="high-hat cymbals"/>		<xs:enumeration value="handbell"/>		<xs:enumeration value="sistrum"/>		<xs:enumeration value="sizzle cymbal"/>		<xs:enumeration value="sleigh bells"/>		<xs:enumeration value="suspended cymbal"/>		<xs:enumeration value="tam tam"/>		<xs:enumeration value="triangle"/>		<xs:enumeration value="Vietnamese hat"/>	</xs:restriction></xs:simpleType>,enumeration,
1103,on-off,true,false,xs:simpleType,,unknown,<xs:simpleType name="on-off">	<xs:annotation>		<xs:documentation>The on-off type is used for notation elements such as string mutes.</xs:documentation>	</xs:annotation>	<xs:restriction base="xs:token">		<xs:enumeration value="on"/>		<xs:enumeration value="off"/>	</xs:restriction></xs:simpleType>,enumeration,
1113,pitched,true,false,xs:simpleType,,unknown,<xs:simpleType name="pitched">	<xs:annotation>		<xs:documentation>The pitched type represents pictograms for pitched percussion instruments. The chimes and tubular chimes values distinguish the single-line and double-line versions of the pictogram. The mallet value is in addition to Stone's list.</xs:documentation>	</xs:annotation>	<xs:restriction base="xs:string">		<xs:enumeration value="chimes"/>		<xs:enumeration value="glockenspiel"/>		<xs:enumeration value="mallet"/>		<xs:enumeration value="marimba"/>		<xs:enumeration value="tubular chimes"/>		<xs:enumeration value="vibraphone"/>		<xs:enumeration value="xylophone"/>	</xs:restriction></xs:simpleType>,enumeration,
1133,principal-voice-symbol,true,false,xs:simpleType,,unknown,<xs:simpleType name="principal-voice-symbol">	<xs:annotation>		<xs:documentation>The principal-voice-symbol type represents the type of symbol used to indicate the start of a principal or secondary voice. The "plain" value represents a plain square bracket. The value of "none" is used for analysis markup when the principal-voice element does not have a corresponding appearance in the score.</xs:documentation>	</xs:annotation>	<xs:restriction base="xs:string">		<xs:enumeration value="Hauptstimme"/>		<xs:enumeration value="Nebenstimme"/>		<xs:enumeration value="plain"/>		<xs:enumeration value="none"/>	</xs:restriction></xs:simpleType>,enumeration,
1147,start-stop-change-continue,true,false,xs:simpleType,,unknown,<xs:simpleType name="start-stop-change-continue">	<xs:annotation>		<xs:documentation>The start-stop-change-continue type is used to distinguish types of pedal directions.</xs:documentation>	</xs:annotation>	<xs:restriction base="xs:token">		<xs:enumeration value="start"/>		<xs:enumeration value="stop"/>		<xs:enumeration value="change"/>		<xs:enumeration value="continue"/>	</xs:restriction></xs:simpleType>,enumeration,
1161,tip-direction,true,false,xs:simpleType,,unknown,<xs:simpleType name="tip-direction">	<xs:annotation>		<xs:documentation>The tip-direction type represents the direction in which the tip of a stick or beater points using Unicode arrow terminology.</xs:documentation>	</xs:annotation>	<xs:restriction base="xs:string">		<xs:enumeration value="up"/>		<xs:enumeration value="down"/>		<xs:enumeration value="left"/>		<xs:enumeration value="right"/>		<xs:enumeration value="northwest"/>		<xs:enumeration value="northeast"/>		<xs:enumeration value="southeast"/>		<xs:enumeration value="southwest"/>	</xs:restriction></xs:simpleType>,enumeration,
1183,stick-location,true,false,xs:simpleType,,unknown,<xs:simpleType name="stick-location">	<xs:annotation>		<xs:documentation>The stick-location type represents pictograms for the location of sticks beaters or mallets on cymbals gongs drums and other instruments.</xs:documentation>	</xs:annotation>	<xs:restriction base="xs:string">		<xs:enumeration value="center"/>		<xs:enumeration value="rim"/>		<xs:enumeration value="cymbal bell"/>		<xs:enumeration value="cymbal edge"/>	</xs:restriction></xs:simpleType>,enumeration,
1197,stick-material,true,false,xs:simpleType,,unknown,<xs:simpleType name="stick-material">	<xs:annotation>		<xs:documentation>The stick-material type represents the material being displayed in a stick pictogram.</xs:documentation>	</xs:annotation>	<xs:restriction base="xs:string">		<xs:enumeration value="soft"/>		<xs:enumeration value="medium"/>		<xs:enumeration value="hard"/>		<xs:enumeration value="shaded"/>		<xs:enumeration value="x"/>	</xs:restriction></xs:simpleType>,enumeration,
1213,stick-type,true,false,xs:simpleType,,unknown,<xs:simpleType name="stick-type">	<xs:annotation>		<xs:documentation>The stick-type type represents the shape of pictograms where the material	in the stick mallet or beater is represented in the pictogram.</xs:documentation>	</xs:annotation>	<xs:restriction base="xs:string">		<xs:enumeration value="bass drum"/>		<xs:enumeration value="double bass drum"/>		<xs:enumeration value="timpani"/>		<xs:enumeration value="xylophone"/>		<xs:enumeration value="yarn"/>	</xs:restriction></xs:simpleType>,enumeration,
1229,up-down-stop-continue,true,false,xs:simpleType,,unknown,<xs:simpleType name="up-down-stop-continue">	<xs:annotation>		<xs:documentation>The up-down-stop-continue type is used for octave-shift elements indicating the direction of the shift from their true pitched values because of printing difficulty.</xs:documentation>	</xs:annotation>	<xs:restriction base="xs:token">		<xs:enumeration value="up"/>		<xs:enumeration value="down"/>		<xs:enumeration value="stop"/>		<xs:enumeration value="continue"/>	</xs:restriction></xs:simpleType>,enumeration,
1243,wedge-type,true,false,xs:simpleType,,unknown,<xs:simpleType name="wedge-type">	<xs:annotation>		<xs:documentation>The wedge type is crescendo for the start of a wedge that is closed at the left side diminuendo for the start of a wedge that is closed on the right side and stop for the end of a wedge. The continue type is used for formatting wedges over a system break or for other situations where a single wedge is divided into multiple segments.</xs:documentation>	</xs:annotation>	<xs:restriction base="xs:token">		<xs:enumeration value="crescendo"/>		<xs:enumeration value="diminuendo"/>		<xs:enumeration value="stop"/>		<xs:enumeration value="continue"/>	</xs:restriction></xs:simpleType>,enumeration,
1257,wood,true,false,xs:simpleType,,unknown,<xs:simpleType name="wood">	<xs:annotation>		<xs:documentation>The wood type represents pictograms for wood percussion instruments. The maraca and maracas values distinguish the one- and two-maraca versions of the pictogram. The vibraslap and castanets values are in addition to Stone's list.</xs:documentation>	</xs:annotation>	<xs:restriction base="xs:string">		<xs:enumeration value="board clapper"/>		<xs:enumeration value="cabasa"/>		<xs:enumeration value="castanets"/>		<xs:enumeration value="claves"/>		<xs:enumeration value="guiro"/>		<xs:enumeration value="log drum"/>		<xs:enumeration value="maraca"/>		<xs:enumeration value="maracas"/>		<xs:enumeration value="ratchet"/>		<xs:enumeration value="sandpaper blocks"/>		<xs:enumeration value="slit drum"/>		<xs:enumeration value="temple block"/>		<xs:enumeration value="vibraslap"/>		<xs:enumeration value="wood block"/>	</xs:restriction></xs:simpleType>,enumeration,
1291,distance-type,true,true,xs:simpleType,,unknown,<xs:simpleType name="distance-type">	<xs:annotation>		<xs:documentation>The distance-type defines what type of distance is being defined in a distance element. Values include beam and hyphen. This is left as a string so that other application-specific types can be defined but it is made a separate type so that it can be redefined more strictly.</xs:documentation>	</xs:annotation>	<xs:restriction base="xs:token"/></xs:simpleType>,enumOrString,
1297,line-width-type,true,true,xs:simpleType,,unknown,<xs:simpleType name="line-width-type">	<xs:annotation>		<xs:documentation>The line-width-type defines what type of line is being defined in a line-width element. Values include beam bracket dashes enclosure ending extend heavy barline leger light barline octave shift pedal slur middle slur tip staff stem tie middle tie tip tuplet bracket and wedge. This is left as a string so that other application-specific types can be defined but it is made a separate type so that it can be redefined more strictly.</xs:documentation>	</xs:annotation>	<xs:restriction base="xs:token"/></xs:simpleType>,enumOrString,
1303,margin-type,true,false,xs:simpleType,,unknown,<xs:simpleType name="margin-type">	<xs:annotation>		<xs:documentation>The margin-type type specifies whether margins apply to even page odd pages or both.</xs:documentation>	</xs:annotation>	<xs:restriction base="xs:token">		<xs:enumeration value="odd"/>		<xs:enumeration value="even"/>		<xs:enumeration value="both"/>	</xs:restriction></xs:simpleType>,enumeration,
1315,millimeters,true,false,xs:simpleType,,unknown,<xs:simpleType name="millimeters">	<xs:annotation>		<xs:documentation>The millimeters type is a number representing millimeters. This is used in the scaling element to provide a default scaling from tenths to physical units.</xs:documentation>	</xs:annotation>	<xs:restriction base="xs:decimal"/></xs:simpleType>,decimal,
1321,note-size-type,true,false,xs:simpleType,,unknown,<xs:simpleType name="note-size-type">	<xs:annotation>		<xs:documentation>The note-size-type type indicates the type of note being defined by a note-size element. The grace type is used for notes of cue size that that include a grace element. The cue type is used for all other notes with cue size whether defined explicitly or implicitly via a cue element. The large type is used for notes of large size.</xs:documentation>	</xs:annotation>	<xs:restriction base="xs:token">		<xs:enumeration value="cue"/>		<xs:enumeration value="grace"/>		<xs:enumeration value="large"/>	</xs:restriction></xs:simpleType>,enumeration,
1333,accidental-value,true,false,xs:simpleType,,unknown,<xs:simpleType name="accidental-value">	<xs:annotation>		<xs:documentation>The accidental-value type represents notated accidentals supported by MusicXML. In the MusicXML 2.0 DTD this was a string with values that could be included. The XSD strengthens the data typing to an enumerated list. The quarter- and three-quarters- accidentals are Tartini-style quarter-tone accidentals. The -down and -up accidentals are quarter-tone accidentals that include arrows pointing down or up. The slash- accidentals are used in Turkish classical music. The numbered sharp and flat accidentals are superscripted versions of the accidental signs used in Turkish folk music. The sori and koron accidentals are microtonal sharp and flat accidentals used in Iranian and Persian music.</xs:documentation>	</xs:annotation>	<xs:restriction base="xs:string">		<xs:enumeration value="sharp"/>		<xs:enumeration value="natural"/>		<xs:enumeration value="flat"/>		<xs:enumeration value="double-sharp"/>		<xs:enumeration value="sharp-sharp"/>		<xs:enumeration value="flat-flat"/>		<xs:enumeration value="natural-sharp"/>		<xs:enumeration value="natural-flat"/>		<xs:enumeration value="quarter-flat"/>		<xs:enumeration value="quarter-sharp"/>		<xs:enumeration value="three-quarters-flat"/>		<xs:enumeration value="three-quarters-sharp"/>		<xs:enumeration value="sharp-down"/>		<xs:enumeration value="sharp-up"/>		<xs:enumeration value="natural-down"/>		<xs:enumeration value="natural-up"/>		<xs:enumeration value="flat-down"/>		<xs:enumeration value="flat-up"/>		<xs:enumeration value="triple-sharp"/>		<xs:enumeration value="triple-flat"/>		<xs:enumeration value="slash-quarter-sharp"/>		<xs:enumeration value="slash-sharp"/>		<xs:enumeration value="slash-flat"/>		<xs:enumeration value="double-slash-flat"/>		<xs:enumeration value="sharp-1"/>		<xs:enumeration value="sharp-2"/>		<xs:enumeration value="sharp-3"/>		<xs:enumeration value="sharp-5"/>		<xs:enumeration value="flat-1"/>		<xs:enumeration value="flat-2"/>		<xs:enumeration value="flat-3"/>		<xs:enumeration value="flat-4"/>		<xs:enumeration value="sori"/>		<xs:enumeration value="koron"/>	</xs:restriction></xs:simpleType>,enumeration,
1407,arrow-direction,true,false,xs:simpleType,,unknown,<xs:simpleType name="arrow-direction">	<xs:annotation>		<xs:documentation>The arrow-direction type represents the direction in which an arrow points using Unicode arrow terminology.</xs:documentation>	</xs:annotation>	<xs:restriction base="xs:string">		<xs:enumeration value="left"/>		<xs:enumeration value="up"/>		<xs:enumeration value="right"/>		<xs:enumeration value="down"/>		<xs:enumeration value="northwest"/>		<xs:enumeration value="northeast"/>		<xs:enumeration value="southeast"/>		<xs:enumeration value="southwest"/>		<xs:enumeration value="left right"/>		<xs:enumeration value="up down"/>		<xs:enumeration value="northwest southeast"/>		<xs:enumeration value="northeast southwest"/>		<xs:enumeration value="other"/>	</xs:restriction></xs:simpleType>,enumeration,
1439,arrow-style,true,false,xs:simpleType,,unknown,<xs:simpleType name="arrow-style">	<xs:annotation>		<xs:documentation>The arrow-style type represents the style of an arrow using Unicode arrow terminology. Filled and hollow arrows indicate polygonal single arrows. Paired arrows are duplicate single arrows in the same direction. Combined arrows apply to double direction arrows like left right indicating that an arrow in one direction should be combined with an arrow in the other direction.</xs:documentation>	</xs:annotation>	<xs:restriction base="xs:string">		<xs:enumeration value="single"/>		<xs:enumeration value="double"/>		<xs:enumeration value="filled"/>		<xs:enumeration value="hollow"/>		<xs:enumeration value="paired"/>		<xs:enumeration value="combined"/>		<xs:enumeration value="other"/>	</xs:restriction></xs:simpleType>,enumeration,
1459,beam-value,true,false,xs:simpleType,,unknown,<xs:simpleType name="beam-value">	<xs:annotation>		<xs:documentation>The beam-value type represents the type of beam associated with each of 8 beam levels (up to 1024th notes) available for each note.</xs:documentation>	</xs:annotation>	<xs:restriction base="xs:string">		<xs:enumeration value="begin"/>		<xs:enumeration value="continue"/>		<xs:enumeration value="end"/>		<xs:enumeration value="forward hook"/>		<xs:enumeration value="backward hook"/>	</xs:restriction></xs:simpleType>,enumeration,
1475,breath-mark-value,true,false,xs:simpleType,,unknown,<xs:simpleType name="breath-mark-value">	<xs:annotation>		<xs:documentation>The breath-mark-value type represents the symbol used for a breath mark.</xs:documentation>	</xs:annotation>	<xs:restriction base="xs:string">		<xs:enumeration value=""/>		<xs:enumeration value="comma"/>		<xs:enumeration value="tick"/>	</xs:restriction></xs:simpleType>,enumeration,
1487,circular-arrow,true,false,xs:simpleType,,unknown,<xs:simpleType name="circular-arrow">	<xs:annotation>		<xs:documentation>The circular-arrow type represents the direction in which a circular arrow points using Unicode arrow terminology.</xs:documentation>	</xs:annotation>	<xs:restriction base="xs:string">		<xs:enumeration value="clockwise"/>		<xs:enumeration value="anticlockwise"/>	</xs:restriction></xs:simpleType>,enumeration,
1497,fan,true,false,xs:simpleType,,unknown,<xs:simpleType name="fan">	<xs:annotation>		<xs:documentation>The fan type represents the type of beam fanning present on a note used to represent accelerandos and ritardandos.</xs:documentation>	</xs:annotation>	<xs:restriction base="xs:token">		<xs:enumeration value="accel"/>		<xs:enumeration value="rit"/>		<xs:enumeration value="none"/>	</xs:restriction></xs:simpleType>,enumeration,
1509,handbell-value,true,false,xs:simpleType,,unknown,<xs:simpleType name="handbell-value">	<xs:annotation>		<xs:documentation>The handbell-value type represents the type of handbell technique being notated.</xs:documentation>	</xs:annotation>	<xs:restriction base="xs:string">		<xs:enumeration value="damp"/>		<xs:enumeration value="echo"/>		<xs:enumeration value="gyro"/>		<xs:enumeration value="hand martellato"/>		<xs:enumeration value="mallet lift"/>		<xs:enumeration value="mallet table"/>		<xs:enumeration value="martellato"/>		<xs:enumeration value="martellato lift"/>		<xs:enumeration value="muted martellato"/>		<xs:enumeration value="pluck lift"/>		<xs:enumeration value="swing"/>	</xs:restriction></xs:simpleType>,enumeration,
1537,hole-closed-location,true,false,xs:simpleType,,unknown,<xs:simpleType name="hole-closed-location">	<xs:annotation>		<xs:documentation>The hole-closed-location type indicates which portion of the hole is filled in when the corresponding hole-closed-value is half.</xs:documentation>	</xs:annotation>	<xs:restriction base="xs:string">		<xs:enumeration value="right"/>		<xs:enumeration value="bottom"/>		<xs:enumeration value="left"/>		<xs:enumeration value="top"/>	</xs:restriction></xs:simpleType>,enumeration,
1551,hole-closed-value,true,false,xs:simpleType,,unknown,<xs:simpleType name="hole-closed-value">	<xs:annotation>		<xs:documentation>The hole-closed-value type represents whether the hole is closed open or half-open.</xs:documentation>	</xs:annotation>	<xs:restriction base="xs:string">		<xs:enumeration value="yes"/>		<xs:enumeration value="no"/>		<xs:enumeration value="half"/>	</xs:restriction></xs:simpleType>,enumeration,
1563,note-type-value,true,false,xs:simpleType,,unknown,<xs:simpleType name="note-type-value">	<xs:annotation>		<xs:documentation>The note-type type is used for the MusicXML type element and represents the graphic note type from 1024th (shortest) to maxima (longest).</xs:documentation>	</xs:annotation>	<xs:restriction base="xs:string">		<xs:enumeration value="1024th"/>		<xs:enumeration value="512th"/>		<xs:enumeration value="256th"/>		<xs:enumeration value="128th"/>		<xs:enumeration value="64th"/>		<xs:enumeration value="32nd"/>		<xs:enumeration value="16th"/>		<xs:enumeration value="eighth"/>		<xs:enumeration value="quarter"/>		<xs:enumeration value="half"/>		<xs:enumeration value="whole"/>		<xs:enumeration value="breve"/>		<xs:enumeration value="long"/>		<xs:enumeration value="maxima"/>	</xs:restriction></xs:simpleType>,enumeration,
1597,notehead-value,true,false,xs:simpleType,,unknown,<xs:simpleType name="notehead-value">	<xs:annotation>		<xs:documentation>The notehead type indicates shapes other than the open and closed ovals associated with note durations. The values do re mi fa fa up so la and ti correspond to Aikin's 7-shape system.  The fa up shape is typically used with upstems; the fa shape is typically used with downstems or no stems.The arrow shapes differ from triangle and inverted triangle by being centered on the stem. Slashed and back slashed notes include both the normal notehead and a slash. The triangle shape has the tip of the triangle pointing up; the inverted triangle shape has the tip of the triangle pointing down. The left triangle shape is a right triangle with the hypotenuse facing up and to the left.</xs:documentation>	</xs:annotation>	<xs:restriction base="xs:string">		<xs:enumeration value="slash"/>		<xs:enumeration value="triangle"/>		<xs:enumeration value="diamond"/>		<xs:enumeration value="square"/>		<xs:enumeration value="cross"/>		<xs:enumeration value="x"/>		<xs:enumeration value="circle-x"/>		<xs:enumeration value="inverted triangle"/>		<xs:enumeration value="arrow down"/>		<xs:enumeration value="arrow up"/>		<xs:enumeration value="slashed"/>		<xs:enumeration value="back slashed"/>		<xs:enumeration value="normal"/>		<xs:enumeration value="cluster"/>		<xs:enumeration value="circle dot"/>		<xs:enumeration value="left triangle"/>		<xs:enumeration value="rectangle"/>		<xs:enumeration value="none"/>		<xs:enumeration value="do"/>		<xs:enumeration value="re"/>		<xs:enumeration value="mi"/>		<xs:enumeration value="fa"/>		<xs:enumeration value="fa up"/>		<xs:enumeration value="so"/>		<xs:enumeration value="la"/>		<xs:enumeration value="ti"/>	</xs:restriction></xs:simpleType>,enumeration,
1655,octave,true,false,xs:simpleType,,unknown,<xs:simpleType name="octave">	<xs:annotation>		<xs:documentation>Octaves are represented by the numbers 0 to 9 where 4 indicates the octave started by middle C.</xs:documentation>	</xs:annotation>	<xs:restriction base="xs:integer">		<xs:minInclusive value="0"/>		<xs:maxInclusive value="9"/>	</xs:restriction></xs:simpleType>,integer,
1665,semitones,true,false,xs:simpleType,,unknown,<xs:simpleType name="semitones">	<xs:annotation>		<xs:documentation>The semitones type is a number representing semitones used for chromatic alteration. A value of -1 corresponds to a flat and a value of 1 to a sharp. Decimal values like 0.5 (quarter tone sharp) are used for microtones.</xs:documentation>	</xs:annotation>	<xs:restriction base="xs:decimal"/></xs:simpleType>,decimal,
1671,show-tuplet,true,false,xs:simpleType,,unknown,<xs:simpleType name="show-tuplet">	<xs:annotation>		<xs:documentation>The show-tuplet type indicates whether to show a part of a tuplet relating to the tuplet-actual element both the tuplet-actual and tuplet-normal elements or neither.</xs:documentation>	</xs:annotation>	<xs:restriction base="xs:token">		<xs:enumeration value="actual"/>		<xs:enumeration value="both"/>		<xs:enumeration value="none"/>	</xs:restriction></xs:simpleType>,enumeration,
1683,stem-value,true,false,xs:simpleType,,unknown,<xs:simpleType name="stem-value">	<xs:annotation>		<xs:documentation>The stem type represents the notated stem direction.</xs:documentation>	</xs:annotation>	<xs:restriction base="xs:string">		<xs:enumeration value="down"/>		<xs:enumeration value="up"/>		<xs:enumeration value="double"/>		<xs:enumeration value="none"/>	</xs:restriction></xs:simpleType>,enumeration,
1697,step,true,false,xs:simpleType,,unknown,<xs:simpleType name="step">	<xs:annotation>		<xs:documentation>The step type represents a step of the diatonic scale represented using the English letters A through G.</xs:documentation>	</xs:annotation>	<xs:restriction base="xs:string">		<xs:enumeration value="A"/>		<xs:enumeration value="B"/>		<xs:enumeration value="C"/>		<xs:enumeration value="D"/>		<xs:enumeration value="E"/>		<xs:enumeration value="F"/>		<xs:enumeration value="G"/>	</xs:restriction></xs:simpleType>,enumeration,
1717,syllabic,true,false,xs:simpleType,,unknown,<xs:simpleType name="syllabic">	<xs:annotation>		<xs:documentation>Lyric hyphenation is indicated by the syllabic type. The single begin end and middle values represent single-syllable words word-beginning syllables word-ending syllables and mid-word syllables respectively.</xs:documentation>	</xs:annotation>	<xs:restriction base="xs:string">		<xs:enumeration value="single"/>		<xs:enumeration value="begin"/>		<xs:enumeration value="end"/>		<xs:enumeration value="middle"/>	</xs:restriction></xs:simpleType>,enumeration,
1731,tremolo-marks,true,false,xs:simpleType,,unknown,<xs:simpleType name="tremolo-marks">	<xs:annotation>		<xs:documentation>The number of tremolo marks is represented by a number from 0 to 8: the same as beam-level with 0 added.</xs:documentation>	</xs:annotation>	<xs:restriction base="xs:integer">		<xs:minInclusive value="0"/>		<xs:maxInclusive value="8"/>	</xs:restriction></xs:simpleType>,integer,
1741,group-barline-value,true,false,xs:simpleType,,unknown,<xs:simpleType name="group-barline-value">	<xs:annotation>		<xs:documentation>The group-barline-value type indicates if the group should have common barlines.</xs:documentation>	</xs:annotation>	<xs:restriction base="xs:string">		<xs:enumeration value="yes"/>		<xs:enumeration value="no"/>		<xs:enumeration value="Mensurstrich"/>	</xs:restriction></xs:simpleType>,enumeration,
1753,group-symbol-value,true,false,xs:simpleType,,unknown,<xs:simpleType name="group-symbol-value">	<xs:annotation>		<xs:documentation>The group-symbol-value type indicates how the symbol for a group is indicated in the score. The default value is none.</xs:documentation>	</xs:annotation>	<xs:restriction base="xs:string">		<xs:enumeration value="none"/>		<xs:enumeration value="brace"/>		<xs:enumeration value="line"/>		<xs:enumeration value="bracket"/>		<xs:enumeration value="square"/>	</xs:restriction></xs:simpleType>,enumeration,
-1,xlink:actuate,true,true,xs:simpleType,,unknown,<xs:simpleType name="xlink:actuate"/>,string,
-2,xlink:href,true,true,xs:simpleType,,unknown,<xs:simpleType name="xlink:href"/>,string,
-3,xlink:role,true,true,xs:simpleType,,unknown,<xs:simpleType name="xlink:role"/>,string,
-4,xlink:show,true,true,xs:simpleType,,unknown,<xs:simpleType name="xlink:show"/>,string,
-5,xlink:title,true,true,xs:simpleType,,unknown,<xs:simpleType name="xlink:title"/>,string,
-6,xlink:type,true,true,xs:simpleType,,unknown,<xs:simpleType name="xlink:type"/>,string,
-7,xml:lang,true,true,xs:simpleType,,unknown,<xs:simpleType name="xml:lang"/>,string,
-8,xml:space,true,true,xs:simpleType,,unknown,<xs:simpleType name="xml:space"/>,string,
-9,xs:anyURI,true,true,xs:simpleType,,unknown,<xs:simpleType name="xs:anyURI"/>,string,
-10,xs:ID,true,true,xs:simpleType,,unknown,<xs:simpleType name="xs:ID"/>,string,
-11,xs:IDREF,true,true,xs:simpleType,,unknown,<xs:simpleType name="xs:IDREF"/>,string,
-12,xs:integer,true,true,xs:simpleType,,unknown,<xs:simpleType name="xs:integer"/>,string,
-13,xs:NMTOKEN,true,true,xs:simpleType,,unknown,<xs:simpleType name="xs:NMTOKEN"/>,string,
-14,xs:nonNegativeInteger,true,true,xs:simpleType,,unknown,<xs:simpleType name="xs:nonNegativeInteger"/>,integer,
-15,xs:positiveInteger,true,true,xs:simpleType,,unknown,<xs:simpleType name="xs:positiveInteger"/>,integer,
-16,xs:string,true,true,xs:simpleType,,unknown,<xs:simpleType name="xs:string"/>,string,
-17,xs:token,true,true,xs:simpleType,,unknown,<xs:simpleType name="xs:token"/>,string,
